{
  "version": 1,
  "author": "hassan ikram",
  "editor": "wokwi",
  "parts": [
    { "type": "wokwi-breadboard", "id": "bb1", "top": 0, "left": 0, "attrs": {} },
    {
      "type": "board-esp32-devkit-c-v4",
      "id": "esp",
      "top": 268.8,
      "left": -91.16,
      "attrs": { "env": "micropython-20231227-v1.22.0" }
    },
    {
      "type": "wokwi-dht22",
      "id": "dht1",
      "top": 173.1,
      "left": 407.4,
      "attrs": { "humidity": "89" }
    },
    {
      "type": "wokwi-rgb-led",
      "id": "rgb1",
      "top": 320.8,
      "left": 241.1,
      "attrs": { "common": "cathode" }
    },
    {
      "type": "wokwi-buzzer",
      "id": "bz1",
      "top": -151.2,
      "left": 261,
      "attrs": { "volume": "0.1" }
    },
    { "type": "wokwi-slide-switch", "id": "sw1", "top": 200, "left": 330, "attrs": {} },
    {
      "type": "wokwi-resistor",
      "id": "r1",
      "top": 50,
      "left": 260,
      "attrs": { "value": "10000" }
    },
    {
      "type": "wokwi-resistor",
      "id": "r2",
      "top": 120,
      "left": 60,
      "attrs": { "value": "220" }
    },
    {
      "type": "wokwi-resistor",
      "id": "r3",
      "top": 160,
      "left": 60,
      "attrs": { "value": "220" }
    },
    {
      "type": "wokwi-resistor",
      "id": "r4",
      "top": 200,
      "left": 60,
      "attrs": { "value": "220" }
    }
  ],
  "connections": [
    [ "esp:TX", "$serialMonitor:RX", "", [] ],
    [ "esp:RX", "$serialMonitor:TX", "", [] ],
    [ "esp:3V3", "bb1:tp.1", "red", [] ],
    [ "esp:GND.1", "bb1:tn.1", "black", [] ],
    [ "bb1:tp.1", "bb1:tp.30", "red", [] ],
    [ "bb1:tn.1", "bb1:tn.30", "black", [] ],

    [ "dht1:VCC", "bb1:tp.25", "red", [] ],
    [ "dht1:GND", "bb1:tn.25", "black", [] ],
    [ "dht1:SDA", "bb1:15b.j", "green", [] ],
    [ "bb1:15b.j", "esp:4", "green", [] ],
    [ "r1:1", "bb1:15b.i", "green", [] ],
    [ "r1:2", "bb1:tp.15", "red", [] ],

    [ "rgb1:COM", "bb1:tn.10", "black", [] ],
    [ "rgb1:R", "r2:1", "red", [] ],
    [ "r2:2", "esp:25", "red", [] ],
    [ "rgb1:G", "r3:1", "green", [] ],
    [ "r3:2", "esp:26", "green", [] ],
    [ "rgb1:B", "r4:1", "blue", [] ],
    [ "r4:2", "esp:27", "blue", [] ],

    [ "bz1:1", "esp:13", "purple", [] ],
    [ "bz1:2", "bb1:tn.20", "black", [] ],

    [ "sw1:1", "esp:14", "yellow", [] ],
    [ "sw1:2", "bb1:tn.27", "black", [] ],
    [ "sw1:3", "esp:12", "orange", [] ]
  ],
  "dependencies": {}
}
